-- MySQL Script generated by MySQL Workbench
-- Fri Jul  5 14:16:54 2019
-- Model: New Model    Version: 1.0
-- MySQL Workbench Forward Engineering

SET @OLD_UNIQUE_CHECKS=@@UNIQUE_CHECKS, UNIQUE_CHECKS=0;
SET @OLD_FOREIGN_KEY_CHECKS=@@FOREIGN_KEY_CHECKS, FOREIGN_KEY_CHECKS=0;
SET @OLD_SQL_MODE=@@SQL_MODE, SQL_MODE='TRADITIONAL,ALLOW_INVALID_DATES';

-- -----------------------------------------------------
-- Schema mydb
-- -----------------------------------------------------
DROP SCHEMA IF EXISTS `mydb` ;

-- -----------------------------------------------------
-- Schema mydb
-- -----------------------------------------------------
CREATE SCHEMA IF NOT EXISTS `mydb` DEFAULT CHARACTER SET utf8 ;
USE `mydb` ;

-- -----------------------------------------------------
-- Table `mydb`.`entity_type`
-- -----------------------------------------------------
DROP TABLE IF EXISTS `mydb`.`entity_type` ;

CREATE TABLE IF NOT EXISTS `mydb`.`entity_type` (
  `id_entity_type` INT NOT NULL,
  `name` VARCHAR(45) NULL,
  `isa_level` INT NULL,
  PRIMARY KEY (`id_entity_type`))
ENGINE = InnoDB;


-- -----------------------------------------------------
-- Table `mydb`.`entity`
-- -----------------------------------------------------
DROP TABLE IF EXISTS `mydb`.`entity` ;

CREATE TABLE IF NOT EXISTS `mydb`.`entity` (
  `id_entity` INT NOT NULL AUTO_INCREMENT,
  `descrizione` VARCHAR(45) NULL,
  `entity_type_id` INT NOT NULL,
  PRIMARY KEY (`id_entity`),
  INDEX `fk_entity_entity_type1_idx` (`entity_type_id` ASC),
  CONSTRAINT `fk_entity_entity_type1`
    FOREIGN KEY (`entity_type_id`)
    REFERENCES `mydb`.`entity_type` (`id_entity_type`)
    ON DELETE NO ACTION
    ON UPDATE NO ACTION)
ENGINE = InnoDB;


-- -----------------------------------------------------
-- Table `mydb`.`property`
-- -----------------------------------------------------
DROP TABLE IF EXISTS `mydb`.`property` ;

CREATE TABLE IF NOT EXISTS `mydb`.`property` (
  `id_property` INT NOT NULL,
  `name` VARCHAR(45) NULL,
  PRIMARY KEY (`id_property`))
ENGINE = InnoDB;


-- -----------------------------------------------------
-- Table `mydb`.`entities_type_properties`
-- -----------------------------------------------------
DROP TABLE IF EXISTS `mydb`.`entities_type_properties` ;

CREATE TABLE IF NOT EXISTS `mydb`.`entities_type_properties` (
  `entity_type_id` INT NOT NULL,
  `property_id` INT NOT NULL,
  PRIMARY KEY (`entity_type_id`, `property_id`),
  INDEX `fk_property_has_entity_type_entity_type1_idx` (`entity_type_id` ASC),
  INDEX `fk_property_has_entity_type_property1_idx` (`property_id` ASC),
  CONSTRAINT `fk_property_has_entity_type_property1`
    FOREIGN KEY (`property_id`)
    REFERENCES `mydb`.`property` (`id_property`)
    ON DELETE NO ACTION
    ON UPDATE NO ACTION,
  CONSTRAINT `fk_property_has_entity_type_entity_type1`
    FOREIGN KEY (`entity_type_id`)
    REFERENCES `mydb`.`entity_type` (`id_entity_type`)
    ON DELETE NO ACTION
    ON UPDATE NO ACTION)
ENGINE = InnoDB;


-- -----------------------------------------------------
-- Table `mydb`.`entities_properties`
-- -----------------------------------------------------
DROP TABLE IF EXISTS `mydb`.`entities_properties` ;

CREATE TABLE IF NOT EXISTS `mydb`.`entities_properties` (
  `entity_id` INT NOT NULL,
  `property_id` INT NOT NULL,
  `value` VARCHAR(90) NULL,
  PRIMARY KEY (`entity_id`, `property_id`),
  INDEX `fk_property_has_entity_entity1_idx` (`entity_id` ASC),
  INDEX `fk_property_has_entity_property1_idx` (`property_id` ASC),
  CONSTRAINT `fk_property_has_entity_property1`
    FOREIGN KEY (`property_id`)
    REFERENCES `mydb`.`property` (`id_property`)
    ON DELETE NO ACTION
    ON UPDATE NO ACTION,
  CONSTRAINT `fk_property_has_entity_entity1`
    FOREIGN KEY (`entity_id`)
    REFERENCES `mydb`.`entity` (`id_entity`)
    ON DELETE NO ACTION
    ON UPDATE NO ACTION)
ENGINE = InnoDB;


-- -----------------------------------------------------
-- Table `mydb`.`hierarchy`
-- -----------------------------------------------------
DROP TABLE IF EXISTS `mydb`.`hierarchy` ;

CREATE TABLE IF NOT EXISTS `mydb`.`hierarchy` (
  `id_entity` INT NOT NULL,
  `id_parent` INT NOT NULL,
  PRIMARY KEY (`id_entity`, `id_parent`),
  INDEX `fk_pippo_entity2_idx` (`id_parent` ASC),
  CONSTRAINT `fk_pippo_entity1`
    FOREIGN KEY (`id_entity`)
    REFERENCES `mydb`.`entity` (`id_entity`)
    ON DELETE NO ACTION
    ON UPDATE NO ACTION,
  CONSTRAINT `fk_pippo_entity2`
    FOREIGN KEY (`id_parent`)
    REFERENCES `mydb`.`entity` (`id_entity`)
    ON DELETE NO ACTION
    ON UPDATE NO ACTION)
ENGINE = InnoDB;


-- -----------------------------------------------------
-- Table `mydb`.`user`
-- -----------------------------------------------------
DROP TABLE IF EXISTS `mydb`.`user` ;

CREATE TABLE IF NOT EXISTS `mydb`.`user` (
  `id_user` INT NOT NULL AUTO_INCREMENT,
  `id_access_level` INT NOT NULL,
  `full_name` VARCHAR(45) NOT NULL,
  `email` VARCHAR(100) NOT NULL,
  `password` VARCHAR(200) NOT NULL,
  `enabled` INT NOT NULL,
  PRIMARY KEY (`id_user`),
  INDEX `fk_id_access_level_idx` (`id_access_level` ASC),
  CONSTRAINT `fk_id_access_level`
    FOREIGN KEY (`id_access_level`)
    REFERENCES `mydb`.`access_level` (`id_access_level`)
    ON DELETE NO ACTION
    ON UPDATE NO ACTION)
ENGINE = InnoDB;


-- -----------------------------------------------------
-- Table `mydb`.`access_level`
-- -----------------------------------------------------
DROP TABLE IF EXISTS `mydb`.`access_level` ;

CREATE TABLE IF NOT EXISTS `mydb`.`access_level` (
  `id_access_level` INT NOT NULL,
  `name` VARCHAR(45) NOT NULL,
  PRIMARY KEY (`id_access_level`))
ENGINE = InnoDB;


-- -----------------------------------------------------
-- Table `mydb`.`user`
-- -----------------------------------------------------
DROP TABLE IF EXISTS `mydb`.`user` ;

CREATE TABLE IF NOT EXISTS `mydb`.`user` (
  `id_user` INT NOT NULL AUTO_INCREMENT,
  `id_access_level` INT NOT NULL,
  `full_name` VARCHAR(45) NOT NULL,
  `email` VARCHAR(100) NOT NULL,
  `password` VARCHAR(200) NOT NULL,
  `enabled` INT NOT NULL,
  PRIMARY KEY (`id_user`),
  INDEX `fk_id_access_level_idx` (`id_access_level` ASC),
  CONSTRAINT `fk_id_access_level`
    FOREIGN KEY (`id_access_level`)
    REFERENCES `mydb`.`access_level` (`id_access_level`)
    ON DELETE NO ACTION
    ON UPDATE NO ACTION)
ENGINE = InnoDB;


-- -----------------------------------------------------
-- Table `mydb`.`status`
-- -----------------------------------------------------
DROP TABLE IF EXISTS `mydb`.`status` ;

CREATE TABLE IF NOT EXISTS `mydb`.`status` (
  `status_id` INT NOT NULL,
  `status_name` VARCHAR(45) NOT NULL,
  PRIMARY KEY (`status_id`))
ENGINE = InnoDB;


-- -----------------------------------------------------
-- Table `mydb`.`failure_machine`
-- -----------------------------------------------------
DROP TABLE IF EXISTS `mydb`.`failure_machine` ;

CREATE TABLE IF NOT EXISTS `mydb`.`failure_machine` (
  `id_failure_machine` INT NOT NULL AUTO_INCREMENT,
  `date_failure` DATE NOT NULL,
  `start_date` DATE NULL,
  `end_date` DATE NULL,
  `description` VARCHAR(255) NOT NULL,
  `status_id` INT NOT NULL,
  `department` VARCHAR(45) NOT NULL,
  `operation` VARCHAR(45) NOT NULL,
  `entity_id` INT NOT NULL,
  `internal_team` TINYINT(1) NULL,
  PRIMARY KEY (`id_failure_machine`),
  INDEX `fk_entity_id_idx` (`entity_id` ASC),
  INDEX `fk_status_id_idx` (`status_id` ASC),
  CONSTRAINT `fk_entity_id`
    FOREIGN KEY (`entity_id`)
    REFERENCES `mydb`.`entity` (`id_entity`)
    ON DELETE CASCADE
    ON UPDATE NO ACTION,
  CONSTRAINT `fk_status_id`
    FOREIGN KEY (`status_id`)
    REFERENCES `mydb`.`status` (`status_id`)
    ON DELETE NO ACTION
    ON UPDATE NO ACTION)
ENGINE = InnoDB;


-- -----------------------------------------------------
-- Table `mydb`.`maintenance_types`
-- -----------------------------------------------------
DROP TABLE IF EXISTS `mydb`.`maintenance_types` ;

CREATE TABLE IF NOT EXISTS `mydb`.`maintenance_types` (
  `id_maintenance_type` INT NOT NULL,
  `maintenance_name` VARCHAR(45) NOT NULL,
  PRIMARY KEY (`id_maintenance_type`))
ENGINE = InnoDB;


-- -----------------------------------------------------
-- Table `mydb`.`entity_maintenance`
-- -----------------------------------------------------
DROP TABLE IF EXISTS `mydb`.`entity_maintenance` ;

CREATE TABLE IF NOT EXISTS `mydb`.`entity_maintenance` (
  `id_maintenance` INT NOT NULL AUTO_INCREMENT,
  `maintenance_type_id` INT NOT NULL,
  `entity_id` INT NOT NULL,
  `maintenance_date` DATE NOT NULL,
  `maintenance_time` TIME NOT NULL,
  `service_time` TIME NULL,
  `maintenance_description` VARCHAR(255) NOT NULL,
  PRIMARY KEY (`id_maintenance`),
  INDEX `fk_entity_mantance_entity1_idx` (`entity_id` ASC),
  INDEX `fk_entity_mantance_MantenceType1_idx` (`maintenance_type_id` ASC),
  CONSTRAINT `fk_entity_mantance_entity1`
    FOREIGN KEY (`entity_id`)
    REFERENCES `mydb`.`entity` (`id_entity`)
    ON DELETE CASCADE
    ON UPDATE NO ACTION,
  CONSTRAINT `fk_entity_mantance_MantenceType1`
    FOREIGN KEY (`maintenance_type_id`)
    REFERENCES `mydb`.`maintenance_types` (`id_maintenance_type`)
    ON DELETE NO ACTION
    ON UPDATE NO ACTION)
ENGINE = InnoDB;


SET SQL_MODE=@OLD_SQL_MODE;
SET FOREIGN_KEY_CHECKS=@OLD_FOREIGN_KEY_CHECKS;
SET UNIQUE_CHECKS=@OLD_UNIQUE_CHECKS;

-- -----------------------------------------------------
-- Data for table `mydb`.`entity_type`
-- -----------------------------------------------------
START TRANSACTION;
USE `mydb`;
INSERT INTO `mydb`.`entity_type` (`id_entity_type`, `name`, `isa_level`) VALUES (1, 'Linea di presse', 3);
INSERT INTO `mydb`.`entity_type` (`id_entity_type`, `name`, `isa_level`) VALUES (2, 'Robot', 2);
INSERT INTO `mydb`.`entity_type` (`id_entity_type`, `name`, `isa_level`) VALUES (3, 'Macchina fresatrice', 2);
INSERT INTO `mydb`.`entity_type` (`id_entity_type`, `name`, `isa_level`) VALUES (4, 'Elettroerosione', 2);
INSERT INTO `mydb`.`entity_type` (`id_entity_type`, `name`, `isa_level`) VALUES (5, 'Laser Taglio', 2);

COMMIT;


-- -----------------------------------------------------
-- Data for table `mydb`.`entity`
-- -----------------------------------------------------
START TRANSACTION;
USE `mydb`;
INSERT INTO `mydb`.`entity` (`id_entity`, `descrizione`, `entity_type_id`) VALUES (1, 'Linea pressa MO1', 1);
INSERT INTO `mydb`.`entity` (`id_entity`, `descrizione`, `entity_type_id`) VALUES (2, 'Robot XYZ', 2);
INSERT INTO `mydb`.`entity` (`id_entity`, `descrizione`, `entity_type_id`) VALUES (3, 'Linea pressa MO2', 1);
INSERT INTO `mydb`.`entity` (`id_entity`, `descrizione`, `entity_type_id`) VALUES (4, 'Linea pressa MO3', 1);
INSERT INTO `mydb`.`entity` (`id_entity`, `descrizione`, `entity_type_id`) VALUES (5, 'Fresatrice ME1', 3);
INSERT INTO `mydb`.`entity` (`id_entity`, `descrizione`, `entity_type_id`) VALUES (6, 'Fresatrice ME2', 3);
INSERT INTO `mydb`.`entity` (`id_entity`, `descrizione`, `entity_type_id`) VALUES (7, 'Fresatrice ME3', 3);
INSERT INTO `mydb`.`entity` (`id_entity`, `descrizione`, `entity_type_id`) VALUES (8, 'Fresatrice ME4', 3);
INSERT INTO `mydb`.`entity` (`id_entity`, `descrizione`, `entity_type_id`) VALUES (9, 'Fresatrice TE1', 3);
INSERT INTO `mydb`.`entity` (`id_entity`, `descrizione`, `entity_type_id`) VALUES (10, 'Fresatrice KI1', 3);
INSERT INTO `mydb`.`entity` (`id_entity`, `descrizione`, `entity_type_id`) VALUES (11, 'Fresatrice KI2', 3);
INSERT INTO `mydb`.`entity` (`id_entity`, `descrizione`, `entity_type_id`) VALUES (12, 'Fresatrice MK1', 3);
INSERT INTO `mydb`.`entity` (`id_entity`, `descrizione`, `entity_type_id`) VALUES (13, 'Fresatrice JO1', 3);
INSERT INTO `mydb`.`entity` (`id_entity`, `descrizione`, `entity_type_id`) VALUES (14, 'Macchina elettroerosione CH1', 4);
INSERT INTO `mydb`.`entity` (`id_entity`, `descrizione`, `entity_type_id`) VALUES (15, 'Macchina elettroerosione CH2', 4);
INSERT INTO `mydb`.`entity` (`id_entity`, `descrizione`, `entity_type_id`) VALUES (16, 'Macchina taglio Laser TR1', 5);

COMMIT;


-- -----------------------------------------------------
-- Data for table `mydb`.`property`
-- -----------------------------------------------------
START TRANSACTION;
USE `mydb`;
INSERT INTO `mydb`.`property` (`id_property`, `name`) VALUES (1, 'IDInterno');
INSERT INTO `mydb`.`property` (`id_property`, `name`) VALUES (2, 'IndirizzoIP');
INSERT INTO `mydb`.`property` (`id_property`, `name`) VALUES (3, 'Costruttore');
INSERT INTO `mydb`.`property` (`id_property`, `name`) VALUES (4, 'Modello');
INSERT INTO `mydb`.`property` (`id_property`, `name`) VALUES (5, 'Anno');
INSERT INTO `mydb`.`property` (`id_property`, `name`) VALUES (6, 'MarcaCN');
INSERT INTO `mydb`.`property` (`id_property`, `name`) VALUES (7, 'ModelloCN');
INSERT INTO `mydb`.`property` (`id_property`, `name`) VALUES (8, 'Versione');
INSERT INTO `mydb`.`property` (`id_property`, `name`) VALUES (9, 'NoteVersione');
INSERT INTO `mydb`.`property` (`id_property`, `name`) VALUES (10, 'Anno2');
INSERT INTO `mydb`.`property` (`id_property`, `name`) VALUES (11, 'NomeLavorazioni');
INSERT INTO `mydb`.`property` (`id_property`, `name`) VALUES (12, 'NumeroTx');
INSERT INTO `mydb`.`property` (`id_property`, `name`) VALUES (13, 'NumeroRot');

COMMIT;


-- -----------------------------------------------------
-- Data for table `mydb`.`entities_type_properties`
-- -----------------------------------------------------
START TRANSACTION;
USE `mydb`;
INSERT INTO `mydb`.`entities_type_properties` (`entity_type_id`, `property_id`) VALUES (3, 1);
INSERT INTO `mydb`.`entities_type_properties` (`entity_type_id`, `property_id`) VALUES (3, 2);
INSERT INTO `mydb`.`entities_type_properties` (`entity_type_id`, `property_id`) VALUES (3, 3);
INSERT INTO `mydb`.`entities_type_properties` (`entity_type_id`, `property_id`) VALUES (3, 4);
INSERT INTO `mydb`.`entities_type_properties` (`entity_type_id`, `property_id`) VALUES (3, 5);
INSERT INTO `mydb`.`entities_type_properties` (`entity_type_id`, `property_id`) VALUES (3, 6);
INSERT INTO `mydb`.`entities_type_properties` (`entity_type_id`, `property_id`) VALUES (3, 7);
INSERT INTO `mydb`.`entities_type_properties` (`entity_type_id`, `property_id`) VALUES (3, 8);
INSERT INTO `mydb`.`entities_type_properties` (`entity_type_id`, `property_id`) VALUES (3, 9);
INSERT INTO `mydb`.`entities_type_properties` (`entity_type_id`, `property_id`) VALUES (3, 10);
INSERT INTO `mydb`.`entities_type_properties` (`entity_type_id`, `property_id`) VALUES (3, 11);
INSERT INTO `mydb`.`entities_type_properties` (`entity_type_id`, `property_id`) VALUES (3, 12);
INSERT INTO `mydb`.`entities_type_properties` (`entity_type_id`, `property_id`) VALUES (3, 13);
INSERT INTO `mydb`.`entities_type_properties` (`entity_type_id`, `property_id`) VALUES (1, 1);
INSERT INTO `mydb`.`entities_type_properties` (`entity_type_id`, `property_id`) VALUES (1, 3);
INSERT INTO `mydb`.`entities_type_properties` (`entity_type_id`, `property_id`) VALUES (1, 4);
INSERT INTO `mydb`.`entities_type_properties` (`entity_type_id`, `property_id`) VALUES (1, 5);
INSERT INTO `mydb`.`entities_type_properties` (`entity_type_id`, `property_id`) VALUES (1, 6);
INSERT INTO `mydb`.`entities_type_properties` (`entity_type_id`, `property_id`) VALUES (1, 7);
INSERT INTO `mydb`.`entities_type_properties` (`entity_type_id`, `property_id`) VALUES (1, 8);
INSERT INTO `mydb`.`entities_type_properties` (`entity_type_id`, `property_id`) VALUES (1, 9);
INSERT INTO `mydb`.`entities_type_properties` (`entity_type_id`, `property_id`) VALUES (1, 10);
INSERT INTO `mydb`.`entities_type_properties` (`entity_type_id`, `property_id`) VALUES (1, 11);
INSERT INTO `mydb`.`entities_type_properties` (`entity_type_id`, `property_id`) VALUES (1, 12);
INSERT INTO `mydb`.`entities_type_properties` (`entity_type_id`, `property_id`) VALUES (4, 1);
INSERT INTO `mydb`.`entities_type_properties` (`entity_type_id`, `property_id`) VALUES (4, 3);
INSERT INTO `mydb`.`entities_type_properties` (`entity_type_id`, `property_id`) VALUES (4, 4);
INSERT INTO `mydb`.`entities_type_properties` (`entity_type_id`, `property_id`) VALUES (4, 6);
INSERT INTO `mydb`.`entities_type_properties` (`entity_type_id`, `property_id`) VALUES (4, 7);
INSERT INTO `mydb`.`entities_type_properties` (`entity_type_id`, `property_id`) VALUES (4, 8);
INSERT INTO `mydb`.`entities_type_properties` (`entity_type_id`, `property_id`) VALUES (4, 9);
INSERT INTO `mydb`.`entities_type_properties` (`entity_type_id`, `property_id`) VALUES (4, 11);
INSERT INTO `mydb`.`entities_type_properties` (`entity_type_id`, `property_id`) VALUES (4, 12);
INSERT INTO `mydb`.`entities_type_properties` (`entity_type_id`, `property_id`) VALUES (5, 1);
INSERT INTO `mydb`.`entities_type_properties` (`entity_type_id`, `property_id`) VALUES (5, 3);
INSERT INTO `mydb`.`entities_type_properties` (`entity_type_id`, `property_id`) VALUES (5, 4);
INSERT INTO `mydb`.`entities_type_properties` (`entity_type_id`, `property_id`) VALUES (5, 6);
INSERT INTO `mydb`.`entities_type_properties` (`entity_type_id`, `property_id`) VALUES (5, 7);
INSERT INTO `mydb`.`entities_type_properties` (`entity_type_id`, `property_id`) VALUES (5, 8);
INSERT INTO `mydb`.`entities_type_properties` (`entity_type_id`, `property_id`) VALUES (5, 9);
INSERT INTO `mydb`.`entities_type_properties` (`entity_type_id`, `property_id`) VALUES (5, 11);
INSERT INTO `mydb`.`entities_type_properties` (`entity_type_id`, `property_id`) VALUES (5, 12);
INSERT INTO `mydb`.`entities_type_properties` (`entity_type_id`, `property_id`) VALUES (5, 13);

COMMIT;


-- -----------------------------------------------------
-- Data for table `mydb`.`entities_properties`
-- -----------------------------------------------------
START TRANSACTION;
USE `mydb`;
INSERT INTO `mydb`.`entities_properties` (`entity_id`, `property_id`, `value`) VALUES (5, 1, 'ME1');
INSERT INTO `mydb`.`entities_properties` (`entity_id`, `property_id`, `value`) VALUES (5, 2, '192.168.49.155');
INSERT INTO `mydb`.`entities_properties` (`entity_id`, `property_id`, `value`) VALUES (5, 3, 'Mecof');
INSERT INTO `mydb`.`entities_properties` (`entity_id`, `property_id`, `value`) VALUES (5, 4, 'CS88');
INSERT INTO `mydb`.`entities_properties` (`entity_id`, `property_id`, `value`) VALUES (5, 5, NULL);
INSERT INTO `mydb`.`entities_properties` (`entity_id`, `property_id`, `value`) VALUES (5, 6, 'Selca');
INSERT INTO `mydb`.`entities_properties` (`entity_id`, `property_id`, `value`) VALUES (5, 7, 'S4045P');
INSERT INTO `mydb`.`entities_properties` (`entity_id`, `property_id`, `value`) VALUES (5, 8, '1.12.8');
INSERT INTO `mydb`.`entities_properties` (`entity_id`, `property_id`, `value`) VALUES (5, 9, 'SW : SELLINK4000');
INSERT INTO `mydb`.`entities_properties` (`entity_id`, `property_id`, `value`) VALUES (5, 10, NULL);
INSERT INTO `mydb`.`entities_properties` (`entity_id`, `property_id`, `value`) VALUES (5, 11, 'Fresatura,Foratura,Maschiatura,Alesatura');
INSERT INTO `mydb`.`entities_properties` (`entity_id`, `property_id`, `value`) VALUES (5, 12, '3,1,1,1');
INSERT INTO `mydb`.`entities_properties` (`entity_id`, `property_id`, `value`) VALUES (5, 13, '0-2,0-2,0-2,0-2');
INSERT INTO `mydb`.`entities_properties` (`entity_id`, `property_id`, `value`) VALUES (6, 1, 'ME2');
INSERT INTO `mydb`.`entities_properties` (`entity_id`, `property_id`, `value`) VALUES (6, 2, '192.168.49.117');
INSERT INTO `mydb`.`entities_properties` (`entity_id`, `property_id`, `value`) VALUES (6, 3, 'Mecof');
INSERT INTO `mydb`.`entities_properties` (`entity_id`, `property_id`, `value`) VALUES (6, 4, 'CS500');
INSERT INTO `mydb`.`entities_properties` (`entity_id`, `property_id`, `value`) VALUES (6, 5, NULL);
INSERT INTO `mydb`.`entities_properties` (`entity_id`, `property_id`, `value`) VALUES (6, 6, 'Selca');
INSERT INTO `mydb`.`entities_properties` (`entity_id`, `property_id`, `value`) VALUES (6, 7, 'S4045P');
INSERT INTO `mydb`.`entities_properties` (`entity_id`, `property_id`, `value`) VALUES (6, 8, '1.7.2');
INSERT INTO `mydb`.`entities_properties` (`entity_id`, `property_id`, `value`) VALUES (6, 9, '070313_U040526 ; SW : SELLINK4000');
INSERT INTO `mydb`.`entities_properties` (`entity_id`, `property_id`, `value`) VALUES (6, 10, NULL);
INSERT INTO `mydb`.`entities_properties` (`entity_id`, `property_id`, `value`) VALUES (6, 11, 'Fresatura,Foratura,Maschiatura,Alesatura');
INSERT INTO `mydb`.`entities_properties` (`entity_id`, `property_id`, `value`) VALUES (6, 12, '3,1,1,1');
INSERT INTO `mydb`.`entities_properties` (`entity_id`, `property_id`, `value`) VALUES (6, 13, '0-2,0-2,0-2,0-2');
INSERT INTO `mydb`.`entities_properties` (`entity_id`, `property_id`, `value`) VALUES (7, 1, 'ME3');
INSERT INTO `mydb`.`entities_properties` (`entity_id`, `property_id`, `value`) VALUES (7, 2, '192.168.49.119');
INSERT INTO `mydb`.`entities_properties` (`entity_id`, `property_id`, `value`) VALUES (7, 3, 'Mecof');
INSERT INTO `mydb`.`entities_properties` (`entity_id`, `property_id`, `value`) VALUES (7, 4, 'CS500');
INSERT INTO `mydb`.`entities_properties` (`entity_id`, `property_id`, `value`) VALUES (7, 5, NULL);
INSERT INTO `mydb`.`entities_properties` (`entity_id`, `property_id`, `value`) VALUES (7, 6, 'Selca');
INSERT INTO `mydb`.`entities_properties` (`entity_id`, `property_id`, `value`) VALUES (7, 7, 'S4045P');
INSERT INTO `mydb`.`entities_properties` (`entity_id`, `property_id`, `value`) VALUES (7, 8, '1.6.5');
INSERT INTO `mydb`.`entities_properties` (`entity_id`, `property_id`, `value`) VALUES (7, 9, '060221_U040526;');
INSERT INTO `mydb`.`entities_properties` (`entity_id`, `property_id`, `value`) VALUES (7, 10, NULL);
INSERT INTO `mydb`.`entities_properties` (`entity_id`, `property_id`, `value`) VALUES (7, 11, 'Fresatura,Foratura,Maschiatura,Alesatura');
INSERT INTO `mydb`.`entities_properties` (`entity_id`, `property_id`, `value`) VALUES (7, 12, '3,1,1,1');
INSERT INTO `mydb`.`entities_properties` (`entity_id`, `property_id`, `value`) VALUES (7, 13, '0-2,0-2,0-2,0-2');
INSERT INTO `mydb`.`entities_properties` (`entity_id`, `property_id`, `value`) VALUES (8, 1, 'ME4');
INSERT INTO `mydb`.`entities_properties` (`entity_id`, `property_id`, `value`) VALUES (8, 2, '192.168.49.149');
INSERT INTO `mydb`.`entities_properties` (`entity_id`, `property_id`, `value`) VALUES (8, 3, 'Mecof');
INSERT INTO `mydb`.`entities_properties` (`entity_id`, `property_id`, `value`) VALUES (8, 4, 'Megamill');
INSERT INTO `mydb`.`entities_properties` (`entity_id`, `property_id`, `value`) VALUES (8, 5, '2015');
INSERT INTO `mydb`.`entities_properties` (`entity_id`, `property_id`, `value`) VALUES (8, 6, 'Heidenhain');
INSERT INTO `mydb`.`entities_properties` (`entity_id`, `property_id`, `value`) VALUES (8, 7, 'iTCN530');
INSERT INTO `mydb`.`entities_properties` (`entity_id`, `property_id`, `value`) VALUES (8, 8, '606420-04-SP4');
INSERT INTO `mydb`.`entities_properties` (`entity_id`, `property_id`, `value`) VALUES (8, 9, 'FCL :04                      PLC : Megamill 6.0;  CC : 340542 07.12');
INSERT INTO `mydb`.`entities_properties` (`entity_id`, `property_id`, `value`) VALUES (8, 10, '14/01/15');
INSERT INTO `mydb`.`entities_properties` (`entity_id`, `property_id`, `value`) VALUES (8, 11, 'Fresatura,Foratura,Maschiatura,Alesatura');
INSERT INTO `mydb`.`entities_properties` (`entity_id`, `property_id`, `value`) VALUES (8, 12, '3,1,1,1');
INSERT INTO `mydb`.`entities_properties` (`entity_id`, `property_id`, `value`) VALUES (8, 13, '0-2,0-2,0-2,0-2');
INSERT INTO `mydb`.`entities_properties` (`entity_id`, `property_id`, `value`) VALUES (9, 1, 'TE1');
INSERT INTO `mydb`.`entities_properties` (`entity_id`, `property_id`, `value`) VALUES (9, 2, '192.168.49.55');
INSERT INTO `mydb`.`entities_properties` (`entity_id`, `property_id`, `value`) VALUES (9, 3, 'Tecmu');
INSERT INTO `mydb`.`entities_properties` (`entity_id`, `property_id`, `value`) VALUES (9, 4, NULL);
INSERT INTO `mydb`.`entities_properties` (`entity_id`, `property_id`, `value`) VALUES (9, 5, NULL);
INSERT INTO `mydb`.`entities_properties` (`entity_id`, `property_id`, `value`) VALUES (9, 6, 'Selca');
INSERT INTO `mydb`.`entities_properties` (`entity_id`, `property_id`, `value`) VALUES (9, 7, '3045');
INSERT INTO `mydb`.`entities_properties` (`entity_id`, `property_id`, `value`) VALUES (9, 8, '45030131.ITA-F');
INSERT INTO `mydb`.`entities_properties` (`entity_id`, `property_id`, `value`) VALUES (9, 9, NULL);
INSERT INTO `mydb`.`entities_properties` (`entity_id`, `property_id`, `value`) VALUES (9, 10, NULL);
INSERT INTO `mydb`.`entities_properties` (`entity_id`, `property_id`, `value`) VALUES (9, 11, 'Fresatura,Foratura,Maschiatura,Alesatura');
INSERT INTO `mydb`.`entities_properties` (`entity_id`, `property_id`, `value`) VALUES (9, 12, '3,1,1,1');
INSERT INTO `mydb`.`entities_properties` (`entity_id`, `property_id`, `value`) VALUES (9, 13, '0-2,0-2,0-2,0-2');
INSERT INTO `mydb`.`entities_properties` (`entity_id`, `property_id`, `value`) VALUES (10, 1, 'KI1');
INSERT INTO `mydb`.`entities_properties` (`entity_id`, `property_id`, `value`) VALUES (10, 2, '192.168.49.103');
INSERT INTO `mydb`.`entities_properties` (`entity_id`, `property_id`, `value`) VALUES (10, 3, 'Kitamura');
INSERT INTO `mydb`.`entities_properties` (`entity_id`, `property_id`, `value`) VALUES (10, 4, 'Mytrunnion 5');
INSERT INTO `mydb`.`entities_properties` (`entity_id`, `property_id`, `value`) VALUES (10, 5, '2015');
INSERT INTO `mydb`.`entities_properties` (`entity_id`, `property_id`, `value`) VALUES (10, 6, 'Fanuc');
INSERT INTO `mydb`.`entities_properties` (`entity_id`, `property_id`, `value`) VALUES (10, 7, '300i-B PMC NX00-0F');
INSERT INTO `mydb`.`entities_properties` (`entity_id`, `property_id`, `value`) VALUES (10, 8, '3-E96807');
INSERT INTO `mydb`.`entities_properties` (`entity_id`, `property_id`, `value`) VALUES (10, 9, 'Prog. PMC NX00-0F');
INSERT INTO `mydb`.`entities_properties` (`entity_id`, `property_id`, `value`) VALUES (10, 10, '23/06/14');
INSERT INTO `mydb`.`entities_properties` (`entity_id`, `property_id`, `value`) VALUES (10, 11, 'Fresatura,Foratura,Maschiatura,Alesatura');
INSERT INTO `mydb`.`entities_properties` (`entity_id`, `property_id`, `value`) VALUES (10, 12, '3,1,1,1');
INSERT INTO `mydb`.`entities_properties` (`entity_id`, `property_id`, `value`) VALUES (10, 13, '0-2,0-2,0-2,0-2');
INSERT INTO `mydb`.`entities_properties` (`entity_id`, `property_id`, `value`) VALUES (11, 1, 'KI2');
INSERT INTO `mydb`.`entities_properties` (`entity_id`, `property_id`, `value`) VALUES (11, 2, '192.168.49.104');
INSERT INTO `mydb`.`entities_properties` (`entity_id`, `property_id`, `value`) VALUES (11, 3, 'Kitamura');
INSERT INTO `mydb`.`entities_properties` (`entity_id`, `property_id`, `value`) VALUES (11, 4, 'Mytrunnion 5');
INSERT INTO `mydb`.`entities_properties` (`entity_id`, `property_id`, `value`) VALUES (11, 5, '2015');
INSERT INTO `mydb`.`entities_properties` (`entity_id`, `property_id`, `value`) VALUES (11, 6, 'Fanuc');
INSERT INTO `mydb`.`entities_properties` (`entity_id`, `property_id`, `value`) VALUES (11, 7, '300i-B PMC NX00-0F');
INSERT INTO `mydb`.`entities_properties` (`entity_id`, `property_id`, `value`) VALUES (11, 8, '3-E96807');
INSERT INTO `mydb`.`entities_properties` (`entity_id`, `property_id`, `value`) VALUES (11, 9, 'Prog. PMC NX00-0F');
INSERT INTO `mydb`.`entities_properties` (`entity_id`, `property_id`, `value`) VALUES (11, 10, '23/06/14');
INSERT INTO `mydb`.`entities_properties` (`entity_id`, `property_id`, `value`) VALUES (11, 11, 'Fresatura,Foratura,Maschiatura,Alesatura');
INSERT INTO `mydb`.`entities_properties` (`entity_id`, `property_id`, `value`) VALUES (11, 12, '3,1,1,1');
INSERT INTO `mydb`.`entities_properties` (`entity_id`, `property_id`, `value`) VALUES (11, 13, '0-2,0-2,0-2,0-2');
INSERT INTO `mydb`.`entities_properties` (`entity_id`, `property_id`, `value`) VALUES (12, 1, 'MK1');
INSERT INTO `mydb`.`entities_properties` (`entity_id`, `property_id`, `value`) VALUES (12, 2, '192.168.49.99');
INSERT INTO `mydb`.`entities_properties` (`entity_id`, `property_id`, `value`) VALUES (12, 3, 'Gfac');
INSERT INTO `mydb`.`entities_properties` (`entity_id`, `property_id`, `value`) VALUES (12, 4, 'Mikron HSM 600 U');
INSERT INTO `mydb`.`entities_properties` (`entity_id`, `property_id`, `value`) VALUES (12, 5, '07/07/08');
INSERT INTO `mydb`.`entities_properties` (`entity_id`, `property_id`, `value`) VALUES (12, 6, 'Heidenhain');
INSERT INTO `mydb`.`entities_properties` (`entity_id`, `property_id`, `value`) VALUES (12, 7, 'iTCN530');
INSERT INTO `mydb`.`entities_properties` (`entity_id`, `property_id`, `value`) VALUES (12, 8, '340490 04 SP6');
INSERT INTO `mydb`.`entities_properties` (`entity_id`, `property_id`, `value`) VALUES (12, 9, NULL);
INSERT INTO `mydb`.`entities_properties` (`entity_id`, `property_id`, `value`) VALUES (12, 10, '13/10/08');
INSERT INTO `mydb`.`entities_properties` (`entity_id`, `property_id`, `value`) VALUES (12, 11, 'Fresatura,Foratura,Maschiatura,Alesatura');
INSERT INTO `mydb`.`entities_properties` (`entity_id`, `property_id`, `value`) VALUES (12, 12, '3,1,1,1');
INSERT INTO `mydb`.`entities_properties` (`entity_id`, `property_id`, `value`) VALUES (12, 13, '0-2,0-2,0-2,0-2');
INSERT INTO `mydb`.`entities_properties` (`entity_id`, `property_id`, `value`) VALUES (13, 1, 'JO1');
INSERT INTO `mydb`.`entities_properties` (`entity_id`, `property_id`, `value`) VALUES (13, 2, '192.168.49.151');
INSERT INTO `mydb`.`entities_properties` (`entity_id`, `property_id`, `value`) VALUES (13, 3, 'Jobs');
INSERT INTO `mydb`.`entities_properties` (`entity_id`, `property_id`, `value`) VALUES (13, 4, 'Linx');
INSERT INTO `mydb`.`entities_properties` (`entity_id`, `property_id`, `value`) VALUES (13, 5, '2003');
INSERT INTO `mydb`.`entities_properties` (`entity_id`, `property_id`, `value`) VALUES (13, 6, 'Fidia');
INSERT INTO `mydb`.`entities_properties` (`entity_id`, `property_id`, `value`) VALUES (13, 7, 'C20');
INSERT INTO `mydb`.`entities_properties` (`entity_id`, `property_id`, `value`) VALUES (13, 8, 'V3R1.18');
INSERT INTO `mydb`.`entities_properties` (`entity_id`, `property_id`, `value`) VALUES (13, 9, 'SDD:40308;            WS: V10R0.8');
INSERT INTO `mydb`.`entities_properties` (`entity_id`, `property_id`, `value`) VALUES (13, 10, NULL);
INSERT INTO `mydb`.`entities_properties` (`entity_id`, `property_id`, `value`) VALUES (13, 11, 'Fresatura,Foratura,Maschiatura,Alesatura');
INSERT INTO `mydb`.`entities_properties` (`entity_id`, `property_id`, `value`) VALUES (13, 12, '3,1,1,1');
INSERT INTO `mydb`.`entities_properties` (`entity_id`, `property_id`, `value`) VALUES (13, 13, '0-2,0-2,0-2,0-2');
INSERT INTO `mydb`.`entities_properties` (`entity_id`, `property_id`, `value`) VALUES (14, 1, 'CH1');
INSERT INTO `mydb`.`entities_properties` (`entity_id`, `property_id`, `value`) VALUES (14, 2, NULL);
INSERT INTO `mydb`.`entities_properties` (`entity_id`, `property_id`, `value`) VALUES (14, 3, 'Charmilles');
INSERT INTO `mydb`.`entities_properties` (`entity_id`, `property_id`, `value`) VALUES (14, 4, 'Robofil 510');
INSERT INTO `mydb`.`entities_properties` (`entity_id`, `property_id`, `value`) VALUES (14, 5, NULL);
INSERT INTO `mydb`.`entities_properties` (`entity_id`, `property_id`, `value`) VALUES (14, 6, 'Charmilles');
INSERT INTO `mydb`.`entities_properties` (`entity_id`, `property_id`, `value`) VALUES (14, 7, 'MN.A5 X');
INSERT INTO `mydb`.`entities_properties` (`entity_id`, `property_id`, `value`) VALUES (14, 8, 'Exec : MN.99');
INSERT INTO `mydb`.`entities_properties` (`entity_id`, `property_id`, `value`) VALUES (14, 9, 'Pilo. : FP.18  Crtc:XM.C0');
INSERT INTO `mydb`.`entities_properties` (`entity_id`, `property_id`, `value`) VALUES (14, 10, NULL);
INSERT INTO `mydb`.`entities_properties` (`entity_id`, `property_id`, `value`) VALUES (14, 11, 'Taglio a filo');
INSERT INTO `mydb`.`entities_properties` (`entity_id`, `property_id`, `value`) VALUES (14, 12, '2');
INSERT INTO `mydb`.`entities_properties` (`entity_id`, `property_id`, `value`) VALUES (14, 13, NULL);
INSERT INTO `mydb`.`entities_properties` (`entity_id`, `property_id`, `value`) VALUES (15, 1, 'CH2');
INSERT INTO `mydb`.`entities_properties` (`entity_id`, `property_id`, `value`) VALUES (15, 2, NULL);
INSERT INTO `mydb`.`entities_properties` (`entity_id`, `property_id`, `value`) VALUES (15, 3, 'Charmilles');
INSERT INTO `mydb`.`entities_properties` (`entity_id`, `property_id`, `value`) VALUES (15, 4, 'Robofil 510');
INSERT INTO `mydb`.`entities_properties` (`entity_id`, `property_id`, `value`) VALUES (15, 5, NULL);
INSERT INTO `mydb`.`entities_properties` (`entity_id`, `property_id`, `value`) VALUES (15, 6, 'Charmilles');
INSERT INTO `mydb`.`entities_properties` (`entity_id`, `property_id`, `value`) VALUES (15, 7, 'MN.A5 X');
INSERT INTO `mydb`.`entities_properties` (`entity_id`, `property_id`, `value`) VALUES (15, 8, 'Exec : MN.100');
INSERT INTO `mydb`.`entities_properties` (`entity_id`, `property_id`, `value`) VALUES (15, 9, 'Pilo. : FP.18  Crtc:XM.C0');
INSERT INTO `mydb`.`entities_properties` (`entity_id`, `property_id`, `value`) VALUES (15, 10, NULL);
INSERT INTO `mydb`.`entities_properties` (`entity_id`, `property_id`, `value`) VALUES (15, 11, 'Taglio a filo');
INSERT INTO `mydb`.`entities_properties` (`entity_id`, `property_id`, `value`) VALUES (15, 12, '2');
INSERT INTO `mydb`.`entities_properties` (`entity_id`, `property_id`, `value`) VALUES (15, 13, NULL);
INSERT INTO `mydb`.`entities_properties` (`entity_id`, `property_id`, `value`) VALUES (1, 1, 'MO1');
INSERT INTO `mydb`.`entities_properties` (`entity_id`, `property_id`, `value`) VALUES (1, 2, NULL);
INSERT INTO `mydb`.`entities_properties` (`entity_id`, `property_id`, `value`) VALUES (1, 3, 'Mossini');
INSERT INTO `mydb`.`entities_properties` (`entity_id`, `property_id`, `value`) VALUES (1, 4, '630Ton');
INSERT INTO `mydb`.`entities_properties` (`entity_id`, `property_id`, `value`) VALUES (1, 5, NULL);
INSERT INTO `mydb`.`entities_properties` (`entity_id`, `property_id`, `value`) VALUES (1, 6, 'Siemens');
INSERT INTO `mydb`.`entities_properties` (`entity_id`, `property_id`, `value`) VALUES (1, 7, 'S7-300; CPU 315');
INSERT INTO `mydb`.`entities_properties` (`entity_id`, `property_id`, `value`) VALUES (1, 8, NULL);
INSERT INTO `mydb`.`entities_properties` (`entity_id`, `property_id`, `value`) VALUES (1, 9, NULL);
INSERT INTO `mydb`.`entities_properties` (`entity_id`, `property_id`, `value`) VALUES (1, 10, '2016');
INSERT INTO `mydb`.`entities_properties` (`entity_id`, `property_id`, `value`) VALUES (1, 11, 'Stampaggio');
INSERT INTO `mydb`.`entities_properties` (`entity_id`, `property_id`, `value`) VALUES (1, 12, '1');
INSERT INTO `mydb`.`entities_properties` (`entity_id`, `property_id`, `value`) VALUES (1, 13, NULL);
INSERT INTO `mydb`.`entities_properties` (`entity_id`, `property_id`, `value`) VALUES (3, 1, 'MO2');
INSERT INTO `mydb`.`entities_properties` (`entity_id`, `property_id`, `value`) VALUES (3, 2, NULL);
INSERT INTO `mydb`.`entities_properties` (`entity_id`, `property_id`, `value`) VALUES (3, 3, 'Mossini');
INSERT INTO `mydb`.`entities_properties` (`entity_id`, `property_id`, `value`) VALUES (3, 4, '400Ton');
INSERT INTO `mydb`.`entities_properties` (`entity_id`, `property_id`, `value`) VALUES (3, 5, '1984');
INSERT INTO `mydb`.`entities_properties` (`entity_id`, `property_id`, `value`) VALUES (3, 6, 'NO');
INSERT INTO `mydb`.`entities_properties` (`entity_id`, `property_id`, `value`) VALUES (3, 7, NULL);
INSERT INTO `mydb`.`entities_properties` (`entity_id`, `property_id`, `value`) VALUES (3, 8, 'Lucio -TESLA');
INSERT INTO `mydb`.`entities_properties` (`entity_id`, `property_id`, `value`) VALUES (3, 9, 'Elettromeccanico');
INSERT INTO `mydb`.`entities_properties` (`entity_id`, `property_id`, `value`) VALUES (3, 10, '2015');
INSERT INTO `mydb`.`entities_properties` (`entity_id`, `property_id`, `value`) VALUES (3, 11, 'Stampaggio');
INSERT INTO `mydb`.`entities_properties` (`entity_id`, `property_id`, `value`) VALUES (3, 12, '1');
INSERT INTO `mydb`.`entities_properties` (`entity_id`, `property_id`, `value`) VALUES (3, 13, NULL);
INSERT INTO `mydb`.`entities_properties` (`entity_id`, `property_id`, `value`) VALUES (4, 1, 'MO3');
INSERT INTO `mydb`.`entities_properties` (`entity_id`, `property_id`, `value`) VALUES (4, 2, '');
INSERT INTO `mydb`.`entities_properties` (`entity_id`, `property_id`, `value`) VALUES (4, 3, 'Mossini');
INSERT INTO `mydb`.`entities_properties` (`entity_id`, `property_id`, `value`) VALUES (4, 4, '2000Ton');
INSERT INTO `mydb`.`entities_properties` (`entity_id`, `property_id`, `value`) VALUES (4, 5, '');
INSERT INTO `mydb`.`entities_properties` (`entity_id`, `property_id`, `value`) VALUES (4, 6, 'Siemens');
INSERT INTO `mydb`.`entities_properties` (`entity_id`, `property_id`, `value`) VALUES (4, 7, 'S7-300');
INSERT INTO `mydb`.`entities_properties` (`entity_id`, `property_id`, `value`) VALUES (4, 8, '');
INSERT INTO `mydb`.`entities_properties` (`entity_id`, `property_id`, `value`) VALUES (4, 9, 'Profibus-Profinet?');
INSERT INTO `mydb`.`entities_properties` (`entity_id`, `property_id`, `value`) VALUES (4, 10, '2015');
INSERT INTO `mydb`.`entities_properties` (`entity_id`, `property_id`, `value`) VALUES (4, 11, 'Stampaggio');
INSERT INTO `mydb`.`entities_properties` (`entity_id`, `property_id`, `value`) VALUES (4, 12, '1');
INSERT INTO `mydb`.`entities_properties` (`entity_id`, `property_id`, `value`) VALUES (4, 13, NULL);
INSERT INTO `mydb`.`entities_properties` (`entity_id`, `property_id`, `value`) VALUES (16, 1, 'TR1');
INSERT INTO `mydb`.`entities_properties` (`entity_id`, `property_id`, `value`) VALUES (16, 2, NULL);
INSERT INTO `mydb`.`entities_properties` (`entity_id`, `property_id`, `value`) VALUES (16, 3, 'Trumpf');
INSERT INTO `mydb`.`entities_properties` (`entity_id`, `property_id`, `value`) VALUES (16, 4, 'TrueLaserCell 7040');
INSERT INTO `mydb`.`entities_properties` (`entity_id`, `property_id`, `value`) VALUES (16, 5, NULL);
INSERT INTO `mydb`.`entities_properties` (`entity_id`, `property_id`, `value`) VALUES (16, 6, 'Trumpf');
INSERT INTO `mydb`.`entities_properties` (`entity_id`, `property_id`, `value`) VALUES (16, 7, 'Trumpf Op.Sys- 840D');
INSERT INTO `mydb`.`entities_properties` (`entity_id`, `property_id`, `value`) VALUES (16, 8, '05.20.00');
INSERT INTO `mydb`.`entities_properties` (`entity_id`, `property_id`, `value`) VALUES (16, 9, 'Project 03.04.00');
INSERT INTO `mydb`.`entities_properties` (`entity_id`, `property_id`, `value`) VALUES (16, 10, NULL);
INSERT INTO `mydb`.`entities_properties` (`entity_id`, `property_id`, `value`) VALUES (16, 11, 'Taglio');
INSERT INTO `mydb`.`entities_properties` (`entity_id`, `property_id`, `value`) VALUES (16, 12, '3');
INSERT INTO `mydb`.`entities_properties` (`entity_id`, `property_id`, `value`) VALUES (16, 13, NULL);

COMMIT;


-- -----------------------------------------------------
-- Data for table `mydb`.`access_level`
-- -----------------------------------------------------
START TRANSACTION;
USE `mydb`;
INSERT INTO `mydb`.`access_level` (`id_access_level`, `name`) VALUES (100, 'admin');
INSERT INTO `mydb`.`access_level` (`id_access_level`, `name`) VALUES (1, 'Certificatore');
INSERT INTO `mydb`.`access_level` (`id_access_level`, `name`) VALUES (2, 'Analista');
INSERT INTO `mydb`.`access_level` (`id_access_level`, `name`) VALUES (3, 'Ispettore');
INSERT INTO `mydb`.`access_level` (`id_access_level`, `name`) VALUES (4, 'DBLoader');
INSERT INTO `mydb`.`access_level` (`id_access_level`, `name`) VALUES (5, 'Gestore Procedure');

COMMIT;


-- -----------------------------------------------------
-- Data for table `mydb`.`user`
-- -----------------------------------------------------
START TRANSACTION;
USE `mydb`;
INSERT INTO `mydb`.`user` (`id_user`, `id_access_level`, `full_name`, `email`, `password`, `enabled`) VALUES (1, 100, 'Vittorio Mattei', 'v.mattei@studenti.unisa.it', '5f4dcc3b5aa765d61d8327deb882cf99', 1);
INSERT INTO `mydb`.`user` (`id_user`, `id_access_level`, `full_name`, `email`, `password`, `enabled`) VALUES (2, 100, 'Vittorio Senatore', 'v.senatore30@studenti.unisa.it', '5f4dcc3b5aa765d61d8327deb882cf99', 1);
INSERT INTO `mydb`.`user` (`id_user`, `id_access_level`, `full_name`, `email`, `password`, `enabled`) VALUES (3, 100, 'Giovanni Iodice', 'g.iodice4@studenti.unisa.it', '5f4dcc3b5aa765d61d8327deb882cf99', 1);
INSERT INTO `mydb`.`user` (`id_user`, `id_access_level`, `full_name`, `email`, `password`, `enabled`) VALUES (4, 100, 'Marco Ruggiero', 'm.ruggiero67@studenti.unisa.it', '5f4dcc3b5aa765d61d8327deb882cf99', 1);

COMMIT;


-- -----------------------------------------------------
-- Data for table `mydb`.`status`
-- -----------------------------------------------------
START TRANSACTION;
USE `mydb`;
INSERT INTO `mydb`.`status` (`status_id`, `status_name`) VALUES (1, 'R');
INSERT INTO `mydb`.`status` (`status_id`, `status_name`) VALUES (2, 'L');
INSERT INTO `mydb`.`status` (`status_id`, `status_name`) VALUES (3, 'OK');
INSERT INTO `mydb`.`status` (`status_id`, `status_name`) VALUES (4, 'I');

COMMIT;


-- -----------------------------------------------------
-- Data for table `mydb`.`failure_machine`
-- -----------------------------------------------------
START TRANSACTION;
USE `mydb`;
INSERT INTO `mydb`.`failure_machine` (`id_failure_machine`, `date_failure`, `start_date`, `end_date`, `description`, `status_id`, `department`, `operation`, `entity_id`, `internal_team`) VALUES (1, '2019-05-30', NULL, NULL, 'Descrizione', 1, 'Dipartimento', 'Operazione', 1, NULL);

COMMIT;


-- -----------------------------------------------------
-- Data for table `mydb`.`maintenance_types`
-- -----------------------------------------------------
START TRANSACTION;
USE `mydb`;
INSERT INTO `mydb`.`maintenance_types` (`id_maintenance_type`, `maintenance_name`) VALUES (1, 'Temporizzata');
INSERT INTO `mydb`.`maintenance_types` (`id_maintenance_type`, `maintenance_name`) VALUES (2, 'Autonoma');
INSERT INTO `mydb`.`maintenance_types` (`id_maintenance_type`, `maintenance_name`) VALUES (3, 'Condition Based');

COMMIT;


-- -----------------------------------------------------
-- Data for table `mydb`.`entity_maintenance`
-- -----------------------------------------------------
START TRANSACTION;
USE `mydb`;
INSERT INTO `mydb`.`entity_maintenance` (`id_maintenance`, `maintenance_type_id`, `entity_id`, `maintenance_date`, `maintenance_time`, `service_time`, `maintenance_description`) VALUES (1, 1, 1, '2019-05-28', '10:05:01', '09:02:20', 'Descrizione');

COMMIT;

